"V1","V2","V3","V4","V5","V6","V7","V8","V9","V10","V11"
244.746372118625,210.685803843819,184.119265394418,147.152198123286,100.630392311342,63.9020341170697,61.4020341170697,32.145805544567,15.8128213599699,7.46026785714286,0
244.970092984566,212.189717870254,184.119265394418,147.152198123286,100.630392311342,63.9020341170697,61.4020341170697,32.145805544567,15.8128213599699,7.46026785714286,0
245.046835209509,213.92774803531,184.119265394418,147.152198123286,100.630392311342,63.9020341170697,61.4020341170697,32.145805544567,15.8128213599699,7.46026785714286,0
245.411184329072,214.362101270454,184.119265394418,147.152198123286,100.630392311342,63.9020341170697,61.4020341170697,32.145805544567,15.8128213599699,7.46026785714286,0
245.621765804166,214.05564965755,184.119265394418,147.152198123286,100.630392311342,63.9020341170697,61.4020341170697,32.145805544567,15.8128213599699,7.46026785714286,0
245.816420349102,214.593953237901,183.869265394418,147.152198123286,100.630392311342,63.9020341170697,61.4020341170697,32.145805544567,15.8128213599699,7.46026785714286,0
245.548351137016,215.014926285198,183.202598727751,147.152198123286,100.630392311342,63.9020341170697,61.4020341170697,32.145805544567,15.8128213599699,7.46026785714286,0
245.280531017202,215.342731709484,183.09148761664,147.152198123286,100.630392311342,63.9020341170697,61.4020341170697,32.145805544567,15.8128213599699,7.46026785714286,0
245.024078284078,215.298356649207,182.69148761664,147.152198123286,100.630392311342,63.9020341170697,61.4020341170697,32.145805544567,15.8128213599699,7.46026785714286,0
244.852466930559,215.279224125636,185.745416565975,147.152198123286,100.630392311342,63.9020341170697,61.4020341170697,32.145805544567,15.8128213599699,7.46026785714286,0
245.020488213015,215.185427209287,185.578749899309,147.152198123286,100.630392311342,63.9020341170697,61.4020341170697,32.145805544567,15.8128213599699,7.46026785714286,0
244.931383661002,215.077700806453,185.364464185023,147.152198123286,100.630392311342,63.9020341170697,61.4020341170697,32.145805544567,15.8128213599699,7.46026785714286,0
244.748419399781,214.861922409783,184.926964185023,147.152198123286,100.630392311342,63.9020341170697,61.4020341170697,32.145805544567,15.8128213599699,7.46026785714286,0
244.671117005284,214.665074054265,184.649186407245,147.152198123286,100.630392311342,63.9020341170697,61.4020341170697,32.145805544567,15.8128213599699,7.46026785714286,0
244.328137147335,214.585233465978,185.524035821443,146.152198123286,100.630392311342,63.9020341170697,61.4020341170697,32.145805544567,15.8128213599699,7.46026785714286,0
244.160455145263,214.637711916685,184.697948864921,146.152198123286,100.630392311342,63.9020341170697,61.4020341170697,32.145805544567,15.8128213599699,7.46026785714286,0
244.36563439847,214.263275633604,184.428718095691,146.152198123286,100.630392311342,63.9020341170697,61.4020341170697,32.145805544567,15.8128213599699,7.46026785714286,0
244.448484128242,214.299227189797,183.607289524262,146.152198123286,100.630392311342,63.9020341170697,61.4020341170697,32.145805544567,15.8128213599699,7.46026785714286,0
244.410165604413,214.746366571907,183.296944696676,146.152198123286,100.630392311342,63.9020341170697,61.4020341170697,32.145805544567,15.8128213599699,7.46026785714286,0
244.221602555422,215.597592246292,182.713611363342,146.152198123286,100.630392311342,63.9020341170697,61.4020341170697,32.145805544567,15.8128213599699,7.46026785714286,0
244.007502162911,216.443586536214,183.322216440487,146.152198123286,100.630392311342,63.9020341170697,61.4020341170697,32.145805544567,15.8128213599699,7.46026785714286,0
243.722207608523,216.132357495526,182.642971157468,146.152198123286,100.630392311342,63.9020341170697,61.4020341170697,32.145805544567,15.8128213599699,7.46026785714286,0
243.797255540849,216.095689751552,182.133537195204,145.818864789953,100.630392311342,63.9020341170697,61.4020341170697,32.145805544567,15.8128213599699,7.46026785714286,0
243.802348181108,216.541530092446,181.551719013385,145.818864789953,100.630392311342,63.9020341170697,61.4020341170697,32.145805544567,15.8128213599699,7.46026785714286,0
243.771202947828,216.582949579017,182.220555763881,145.152198123286,100.630392311342,63.9020341170697,61.4020341170697,32.145805544567,15.8128213599699,7.46026785714286,0
243.948091846812,216.163202689235,181.470555763881,144.952198123286,100.630392311342,63.9020341170697,61.4020341170697,32.145805544567,15.8128213599699,7.46026785714286,0
243.695363135013,216.396210608918,183.81375223393,144.552198123286,100.630392311342,63.9020341170697,61.4020341170697,32.145805544567,15.8128213599699,7.46026785714286,0
243.286697053637,216.256109794844,183.71165456894,144.552198123286,100.630392311342,63.9020341170697,61.4020341170697,32.145805544567,15.8128213599699,7.46026785714286,0
243.324326900332,216.520171806084,183.498758874959,144.18856175965,100.630392311342,63.9020341170697,61.4020341170697,32.145805544567,15.8128213599699,7.46026785714286,0
242.909864488108,216.145037109518,183.160123124888,147.235075880342,100.630392311342,63.9020341170697,61.4020341170697,32.145805544567,15.8128213599699,7.46026785714286,0
242.984338044149,216.027789296113,184.269538566909,147.081229726496,100.130392311342,63.9020341170697,61.4020341170697,32.145805544567,15.8128213599699,7.46026785714286,0
242.352018780393,216.393644298349,184.33872610655,150.011285554173,100.130392311342,63.9020341170697,61.4020341170697,32.145805544567,15.8128213599699,7.46026785714286,0
242.117710587868,216.390671090949,183.931006480257,152.587174715183,99.7970589780089,63.9020341170697,61.4020341170697,32.145805544567,15.8128213599699,7.46026785714286,0
241.671001230024,216.686725269292,184.604906424906,151.837174715183,116.744571408478,63.9020341170697,61.4020341170697,32.145805544567,15.8128213599699,7.46026785714286,0
241.291468830573,216.06937671993,185.294240171955,151.258227346762,116.244571408478,63.9020341170697,61.4020341170697,32.145805544567,15.8128213599699,7.46026785714286,0
241.216537727304,216.111096074718,184.810421345519,152.354115724776,114.244571408478,63.4020341170697,61.4020341170697,32.145805544567,15.8128213599699,7.46026785714286,0
241.059678521677,215.900247108768,184.603897307257,152.223680942167,114.244571408478,63.4020341170697,61.4020341170697,32.145805544567,15.8128213599699,7.46026785714286,0
241.19152798165,216.084598537962,185.113541781657,153.465155617941,113.911238075145,88.9570821745446,61.4020341170697,32.145805544567,15.8128213599699,7.46026785714286,0
240.939151162291,215.869141816225,185.262001842182,153.042078694864,113.511238075145,88.9570821745446,60.9020341170697,32.145805544567,15.8128213599699,7.46026785714286,0
241.066334005416,215.272741358679,185.22639809437,152.577792980578,113.511238075145,88.9570821745446,58.9020341170697,32.145805544567,15.8128213599699,7.46026785714286,0
240.791801704948,215.511607072667,185.802620653546,151.964889754772,113.511238075145,88.9570821745446,58.9020341170697,32.145805544567,15.8128213599699,7.46026785714286,0
240.353362089975,215.655980528436,185.866482769912,152.85406636976,112.511238075145,88.9570821745446,58.9020341170697,32.145805544567,15.8128213599699,7.46026785714286,0
240.191046911194,215.86380967289,185.645127551769,153.658267201954,112.511238075145,88.9570821745446,58.9020341170697,32.145805544567,15.8128213599699,7.46026785714286,0
239.425079374593,216.044229597446,185.91214942396,153.33473779019,117.022069255265,88.9570821745446,58.9020341170697,32.145805544567,15.8128213599699,7.46026785714286,0
238.624200752909,215.716456029778,185.938341443169,152.539865995318,123.288316025445,88.9570821745446,57.9020341170697,32.145805544567,15.8128213599699,7.46026785714286,0
238.256995584712,215.653441415518,186.956799618746,153.411740352747,123.038316025445,88.9570821745446,57.9020341170697,32.145805544567,15.8128213599699,7.46026785714286,0
237.593794778135,215.249315754352,186.39582400899,154.109135613355,122.871649358779,88.9570821745446,57.9020341170697,32.145805544567,15.8128213599699,7.46026785714286,0
237.106875648034,214.783640852046,187.008460088096,154.402449247182,121.496649358779,88.9570821745446,57.4020341170697,32.145805544567,15.8128213599699,7.46026785714286,0
236.141342207376,214.420363135717,186.877117581519,155.086024242532,120.996649358779,88.9570821745446,57.4020341170697,32.145805544567,15.8128213599699,7.46026785714286,0
235.686738149144,213.993460484422,187.052103270067,155.469390099689,120.451194813324,88.4570821745446,57.4020341170697,32.145805544567,15.8128213599699,7.46026785714286,0
234.645287371942,213.70755380215,187.198879474179,155.603094765397,119.917861479991,88.4570821745446,57.4020341170697,32.145805544567,15.8128213599699,7.46026785714286,0
234.242467065452,213.1750214705,187.35752178479,155.122325534628,119.840938403068,88.4570821745446,57.4020341170697,32.145805544567,15.8128213599699,7.46026785714286,0
233.891489382985,213.374207197105,187.151114810574,156.051550699044,119.533246095375,88.4570821745446,56.4020341170697,32.145805544567,15.8128213599699,7.46026785714286,0
233.289088304538,213.098937643476,186.745754365531,155.658693556187,121.25297208972,88.4570821745446,56.4020341170697,32.145805544567,15.8128213599699,7.46026785714286,0
232.969829542381,212.935441475174,187.15816751608,156.375564560942,120.586305423054,87.4570821745446,56.4020341170697,32.145805544567,15.8128213599699,7.46026785714286,0
232.772774764214,212.421678404996,187.275076080814,155.719826856024,119.586305423054,86.1237488412113,55.9020341170697,32.145805544567,15.8128213599699,7.46026785714286,0
231.940439434873,212.009357761234,186.864714616598,155.725681071113,118.351011305407,84.790415507878,55.9020341170697,32.145805544567,15.8128213599699,7.46026785714286,0
231.37278567903,211.618890373013,186.625531501596,155.24875799419,119.493266627492,84.790415507878,55.9020341170697,32.145805544567,15.8128213599699,7.46026785714286,0
230.663547335892,210.742319404537,186.60050021706,155.093616400571,119.022678392198,84.540415507878,55.9020341170697,32.145805544567,15.8128213599699,7.46026785714286,0
230.256488485822,210.497274206182,186.346529408973,155.132427591214,118.493266627492,84.540415507878,55.9020341170697,32.145805544567,15.8128213599699,7.46026785714286,0
229.571356586092,210.111724571714,186.377215962253,155.206908184891,117.993266627492,83.540415507878,55.4020341170697,32.145805544567,15.8128213599699,7.46026785714286,0
228.918098931642,209.560004753606,186.23192392696,156.265596485671,119.229536134137,82.740415507878,54.4020341170697,32.145805544567,15.8128213599699,7.46026785714286,0
228.441562390209,209.28403176754,186.488518987241,156.193543112356,119.093172497773,82.740415507878,54.4020341170697,32.145805544567,15.8128213599699,7.46026785714286,0
227.855118942206,209.251934094429,185.966296060453,156.688620444662,120.118297815496,82.540415507878,50.4020341170697,32.145805544567,15.8128213599699,7.46026785714286,0
227.16011634761,208.852801861267,185.854423860033,156.632966691123,119.64003694593,86.396812406346,50.4020341170697,32.145805544567,15.8128213599699,7.46026785714286,0
226.535776124487,208.300442300904,185.507634380537,156.526056304964,122.116693722256,85.396812406346,50.0687007837363,32.145805544567,15.8128213599699,7.46026785714286,0
225.879515624011,207.724767192027,185.488216940588,157.145173044645,125.159410205521,85.146812406346,50.0687007837363,32.145805544567,15.8128213599699,7.46026785714286,0
225.519236334657,207.279112294447,185.514816552763,156.50043620254,124.559410205521,85.0357012952349,50.0687007837363,32.145805544567,15.8128213599699,7.46026785714286,0
224.970488945353,206.912033779544,185.284891356654,156.71905665316,123.239410205521,88.6565763591722,50.0687007837363,32.145805544567,15.8128213599699,7.46026785714286,0
224.357943041318,206.398518611667,185.227469311986,156.489326923431,122.882267348378,87.9899096925055,49.4020341170697,32.145805544567,15.8128213599699,7.46026785714286,0
224.32225047368,205.850257232264,184.98050240971,156.373470433814,122.178563644674,87.5454652480611,47.735367450403,32.145805544567,15.8128213599699,7.46026785714286,0
223.543453514293,205.497060435389,184.241940318206,156.268368506202,121.571420787532,87.2954652480611,47.4020341170697,32.145805544567,15.8128213599699,7.46026785714286,0
223.553545141928,205.343302899515,184.065855787072,155.966448645358,121.214277930389,86.0732430258389,47.1520341170697,32.145805544567,15.8128213599699,7.46026785714286,0
223.073819890761,204.897884458484,183.834948428239,157.278488950332,121.865692927097,85.3232430258389,46.485367450403,32.145805544567,15.8128213599699,7.46026785714286,0
222.86938831393,204.695688253596,183.742516398678,157.492944691195,121.521942927097,84.9899096925055,46.1520341170697,32.145805544567,15.8128213599699,7.46026785714286,0
222.521805869606,204.599828828167,183.741138745685,158.049000171414,123.220854032224,83.9899096925055,45.8187007837363,32.145805544567,15.8128213599699,7.46026785714286,0
222.590427893875,204.321916574517,183.696903949834,157.599000171414,123.893421913874,83.3535460561419,52.655148403321,32.145805544567,15.8128213599699,7.46026785714286,0
222.356099685361,203.833706635845,183.357455757991,158.05156574343,125.927164154982,82.8535460561419,52.655148403321,32.145805544567,15.8128213599699,7.46026785714286,0
222.045519926832,203.729797732518,182.78768831613,157.9599256544,125.566053043871,87.0379149258067,52.655148403321,32.145805544567,15.8128213599699,7.46026785714286,0
221.498315689298,203.373654115428,183.633084969275,157.369564208617,124.917404395222,86.345607233499,52.655148403321,32.145805544567,15.8128213599699,7.46026785714286,0
221.644508928648,203.125314676734,183.944685873008,157.44037756538,127.47052308401,85.7622739001657,52.655148403321,30.145805544567,15.8128213599699,7.46026785714286,0
221.450072707507,202.422056453933,183.370442791281,157.288739011917,126.794847408335,87.9484971499403,52.155148403321,30.145805544567,15.8128213599699,7.46026785714286,0
220.789729722886,202.239569384853,183.102554734233,158.444591811495,127.189876939754,90.1787547458341,51.955148403321,29.145805544567,15.8128213599699,7.46026785714286,0
220.435251348276,201.920391564761,182.773342477421,158.40862720523,126.897194012924,93.0677501055145,51.6218150699877,29.145805544567,15.8128213599699,7.46026785714286,0
219.581592811691,201.285069249394,182.035912309824,158.160503298462,126.484150534663,96.0453875489513,51.3361007842734,29.145805544567,15.8128213599699,7.46026785714286,0
219.321056212669,201.036259851617,181.58189078122,157.428544535576,127.08044083557,95.462054215618,50.7111007842734,29.145805544567,15.8128213599699,7.46026785714286,0
218.409663807606,200.392545140542,181.40172798152,157.734257467652,127.897147097815,98.2463155906787,50.2666563398289,29.145805544567,15.8128213599699,7.46026785714286,0
217.672883878917,200.088838031368,181.337091749105,157.302777855501,128.019259458446,97.6463155906787,52.5317626892367,29.145805544567,15.8128213599699,7.46026785714286,0
217.417831673623,199.99239378276,181.084535990542,156.574622515695,127.344840853795,97.2018711462342,52.5317626892367,29.145805544567,15.8128213599699,7.46026785714286,0
217.105162341754,199.35945208244,180.507734261083,156.457502018597,127.723448613369,99.204774022942,55.1583279956181,27.145805544567,15.8128213599699,7.46026785714286,0
216.642314808837,199.036249760289,180.249553676537,156.190405711795,127.769710539549,98.7341857876479,55.0472168845069,27.145805544567,15.8128213599699,7.46026785714286,0
215.968046809369,199.259056130119,180.482315993856,155.855763384532,127.327850074433,98.1552384192268,58.7474185044984,27.145805544567,15.8128213599699,7.46026785714286,0
215.928572986577,199.139101796826,179.891133629004,155.442235856257,127.58437407958,99.7842698427823,58.4617042187841,26.895805544567,15.8128213599699,7.46026785714286,0
215.485688483535,198.830296678242,179.559651691834,155.551656316446,127.727012162607,99.450936509449,58.0867042187841,26.295805544567,15.8128213599699,7.46026785714286,0
214.199974197821,198.080296678242,179.30412753458,156.083547194247,127.143678829273,99.1351470357647,57.0867042187841,25.795805544567,15.8128213599699,7.46026785714286,0
213.698036392142,197.511015076707,179.150324134614,155.705985633019,127.237757368052,98.3456733515542,56.7117042187841,25.795805544567,15.8128213599699,7.46026785714286,0
213.074119376251,197.380891377385,178.98098039195,155.063128490162,127.510599048382,97.5956733515542,56.4617042187841,25.545805544567,15.8128213599699,7.46026785714286,0
212.37534215136,197.000752869681,178.241397058617,154.736092006962,126.961579440539,96.9000211776412,60.5925468865294,25.545805544567,15.8128213599699,7.46026785714286,0
212.245266121169,196.582509011818,178.062263326331,155.039289258232,126.920769658579,96.0428783204983,59.7354040293865,25.545805544567,15.8128213599699,7.46026785714286,0
211.385616998362,196.300119004624,177.317732712089,155.2817329078,126.735540890905,97.2935806483396,64.7781294358315,27.4790515907163,15.8128213599699,7.46026785714286,0
210.834438432896,195.802795229906,176.831190256958,154.755622087324,127.732255621616,96.7935806483396,64.7781294358315,30.1456091484029,15.8128213599699,7.46026785714286,0
210.281871690704,195.22560925346,176.662094052213,154.358303760141,128.255274731799,98.8722492017629,64.3495580072601,29.8956091484029,15.8128213599699,7.46026785714286,0
209.67218162771,194.814825155348,176.123632513751,154.187197648559,128.282458231887,100.841732727231,64.238446896149,34.5898717445472,15.8128213599699,7.46026785714286,0
209.040583354931,194.093736719974,175.729570804858,154.256525713036,128.265616574742,100.175066060564,63.6020832597854,34.2565384112139,15.4794880266366,7.46026785714286,0
207.92947224382,193.562393618357,175.21014089209,153.614272343383,128.757916592784,99.735066060564,62.9657196234217,32.9232050778805,14.8128213599699,7.46026785714286,0
207.516455072374,192.993347987548,174.919238239688,153.348080622392,128.186488021355,98.735066060564,61.8887965464987,32.9232050778805,14.4794880266366,7.46026785714286,0
206.843190068858,192.526235255207,174.726167628128,153.262850867426,127.728860902711,98.3646956901937,64.3186890266938,31.5898717445472,14.4794880266366,7.46026785714286,0
205.823190068858,192.117928683854,174.424308392627,152.960762843406,127.539176320626,97.9202512457492,66.9758273524418,37.4044440949618,14.1461546933033,7.46026785714286,0
205.136892543692,191.824363852335,173.966088994896,152.538712381646,127.205841010773,97.2059655314635,69.8597502596268,36.9044440949618,14.1461546933033,7.46026785714286,0
205.059752951576,191.678746153506,173.525365612543,152.064995416463,127.646022705611,97.0003901656418,74.1676511402932,36.7044440949618,13.8961546933033,7.46026785714286,0
204.916462540041,191.712142005345,173.105138104405,151.579471117051,126.784484244073,97.3133333183386,73.6120955847377,38.9331778558782,19.3320415294637,7.46026785714286,0
204.588775660178,191.297887017178,172.882198143458,151.083316268938,126.598827131206,97.4808823546777,77.6219603008451,38.5331778558782,19.3320415294637,7.46026785714286,0
204.436422989344,190.712005412271,172.430776953318,150.767211206752,126.630145311011,97.5631454439018,77.1775158564006,41.6222561325028,17.9987081961303,10.9205357142857,0
204.130310289015,190.374818302175,172.089180045439,150.32123085059,126.298677151751,97.8385119814019,76.5775158564007,40.7889227991695,20.6914323567452,9.92053571428571,0
203.995734666522,190.07855109226,171.855369019446,150.127236827971,127.624836343385,97.6562892772483,76.1229704018552,39.9889227991695,20.4414323567452,9.92053571428571,0
203.750875927876,189.56579051913,171.407988345697,149.632842688762,127.36483976049,98.2646176486118,78.4230353354327,39.8222561325028,20.4414323567452,9.42053571428571,0
203.512269324496,188.863500442794,170.868312332764,149.367695554893,127.142748001577,98.3566205720545,77.8845737969712,39.4889227991695,20.1080990234119,9.42053571428571,0
202.112269324496,188.00148543554,170.235526422087,149.199277629365,127.167556919944,99.3736715321795,77.6179071303045,38.4889227991695,19.7747656900785,9.42053571428571,0
202.368354695807,188.466053820946,169.807240296792,149.122599523709,127.191316063182,99.3835051930961,77.0884953655986,38.1555894658362,21.9518806779749,9.42053571428571,0
201.886126718324,187.835194020315,169.133071759152,148.247599523709,126.78760133328,99.643917696492,76.3107175878208,36.4889227991695,21.2852140113083,9.42053571428571,0
201.119460051657,187.553076292483,168.45323646693,148.021118450229,126.470606399009,99.9772467322556,75.3107175878208,36.9567288973372,28.1498923083308,9.42053571428571,0
200.959023996044,186.865564830245,168.054451761011,147.574647449692,126.062348520037,100.232142169125,77.330383626181,36.9567288973372,28.1498923083308,8.67053571428571,0
200.386323078524,186.421948769089,167.926144560779,147.053515538642,126.885191619384,100.441148155644,76.9619625735495,36.7567288973372,28.1498923083308,8.67053571428571,0
200.147582112998,185.593588182186,167.295223396347,146.432086967213,126.377499311692,99.8529128615263,78.8324134687887,36.4233955640039,28.1498923083308,8.67053571428571,0
199.109120574537,185.35091347365,166.631154729746,146.468270050571,126.10590656388,99.759435171673,77.9376766266835,37.9780962151385,27.6498923083308,8.67053571428571,0
198.109120574537,185.03838838375,166.351850163219,146.217947781439,126.232557315428,99.7997810112315,77.3876766266835,37.7780962151385,27.3165589749975,8.47053571428571,0
197.595943891111,184.451714343592,166.098797612559,145.495320044213,126.438481922483,100.49629135318,76.959105198112,37.1780962151385,26.9832256416641,8.47053571428571,0
197.168907087762,183.844827171485,165.816190447474,145.419378997728,125.945728299294,99.9557508126392,76.263453024199,36.3780962151385,26.4832256416641,7.72053571428571,0
196.500640926561,183.207294956587,165.610903025137,145.252882558426,125.580257934003,99.7214760614517,77.1553671042025,42.6413432641214,26.4832256416641,7.47053571428571,0
195.583974259895,183.141749205036,164.993416686339,145.080606756033,125.989466691566,99.8197752474509,78.2810045514789,42.3913432641214,26.0832256416641,7.22053571428571,0
195.393467394611,182.775125296137,164.518044713529,144.991107027761,125.879199473725,99.3697752474509,77.672308899305,42.1913432641214,25.4832256416641,6.22053571428571,0
195.186190644721,181.746279142291,164.539502105523,144.537711776538,125.688495982918,98.9447752474509,77.0201349862615,45.7183726697357,25.0832256416641,7.96071428571429,0
194.504372462903,181.556104157702,164.00567860805,144.083616878107,125.597307217486,98.9272353656308,76.6288306384354,44.7183726697357,33.3944813196391,7.96071428571429,0
193.755185026163,181.237308634441,163.515954933067,143.899375432046,125.041148617491,98.646153817144,76.1704973051021,44.2183726697357,32.1944813196391,7.96071428571429,0
192.755185026163,180.983790983419,163.185551901166,143.718889852662,124.47488355725,98.1937728647631,76.4563651183799,45.3096697864346,31.9444813196391,7.56071428571429,0
192.040899311878,180.107502323625,162.806301234078,143.622581253049,124.084879701791,98.7952228375955,78.6647734081143,45.0596697864346,31.1444813196391,7.56071428571429,0
191.831358372,180.03153824072,162.520434265664,142.955914586382,123.568092542426,99.0453625665566,78.0397734081143,47.3627074797938,29.5444813196391,7.56071428571429,0
190.664691705333,179.37203144189,162.025177330738,142.578669824714,124.0981036256,98.5703625665566,78.4491971928167,51.2136025752553,39.0863648366014,6.96071428571429,0
190.033112757964,178.924365335241,161.452645466916,142.517004189875,124.305307600222,98.8249230197666,78.6242630785273,55.4226818214732,37.5863648366014,5.38928571428572,0
189.243639073754,178.496329067641,160.971979243425,142.171064354891,123.660863155778,98.1075317154187,77.915929745194,55.4226818214732,42.9686378039217,4.675,0
188.52981854142,178.092408655757,160.268827190538,141.6172843928,123.266331644436,97.957762199237,77.1466989759632,54.9226818214732,42.7686378039217,5.05714285714286,0
187.836225087743,177.627313800267,159.824034869577,141.436920258962,123.294755976726,98.4446001929775,76.5170693463336,54.6726818214732,42.7686378039217,4.91428571428571,0
187.156786773506,177.027799801294,159.185517711938,140.87502758422,123.540002048129,98.3427848165965,75.924476753741,54.4226818214732,41.7686378039217,6.28,0
186.850324029409,176.447265190858,158.700520744821,140.335345848556,123.422589948562,98.7648404788457,75.424476753741,54.1726818214732,39.4353044705884,7.85,0
186.064609743695,175.580598524191,158.26302534427,139.971091909582,122.879111687693,98.5811315321936,75.5828699181499,53.6726818214732,38.8353044705884,6.85,0
186.248614143427,174.67255254718,157.731016481512,139.523512795949,123.226397803351,97.815174085385,75.1495365848166,53.1726818214732,38.2353044705884,6.85,0
185.556306451119,174.386728846746,157.342282826007,139.127546115596,122.439163760798,97.2616026568136,74.5828699181499,52.5726818214732,37.6353044705884,5.1,0
184.289639784452,173.792333567805,157.054132922794,138.834180309533,121.645349327808,97.8683266211334,73.8162032514833,51.1726818214732,45.3441305882355,6.8,0
183.503925498738,173.18156718749,156.333755160712,138.153441569663,120.902775070382,98.0252554037167,73.4926738397185,51.9423196297827,44.0941305882355,11,0
182.81161780643,172.465325851939,155.6295980382,137.886423395146,120.636980613181,98.4267034732278,72.9926738397185,50.6923196297827,43.6941305882355,9,0
182.922767135971,171.477825851939,155.140276951904,137.563615611897,120.940261063358,98.3807894713034,72.7224035694483,50.6923196297827,43.4941305882355,4,0
182.961768509656,170.493752025445,155.219658144979,136.879162985008,120.440341256987,98.4363315755293,73.3815158431048,53.3583826436317,41.6941305882355,4,0
182.052677600565,169.950672070891,154.945410230336,136.427697252552,119.818139119486,98.2827571446338,73.2686275511986,52.5583826436317,41.5274639215688,6,0
181.598132146019,169.162748618356,154.620777916097,136.086217209077,119.721206078474,98.1163246495682,73.6043818979153,52.2250493102984,41.0274639215688,6,0
180.779950327837,168.808202810902,153.812762205326,135.783055977945,119.128973068765,97.7260359453522,73.021048564582,53.8655206923618,39.7417496358545,5,0
179.143586691474,168.889290178622,153.118902033876,135.116347236921,118.456075872504,97.8664576628053,72.7154930090264,52.5798064066475,39.170321064426,5,0
177.870859418747,168.000401289733,152.552639769261,135.022309615412,118.524243882885,97.6914168355781,72.4434581969364,54.0528158684464,38.7417496358545,1,0
176.779950327837,166.803218191141,151.706646439363,134.913659264238,117.854601025742,97.200507744669,72.6419517801648,55.2713269072117,37.7417496358545,0,0
176.608525864113,166.494194965084,151.577419057122,134.533747461289,117.42563851526,97.4721772626427,72.5446045543127,55.0491046849895,37.0750829691879,0,0
175.708525864113,165.465623536512,150.971787650391,134.18288034178,117.240879705048,96.8760234164889,72.0645412790778,54.8268824627672,40.4167588546532,0,0
174.708525864113,164.940068162766,150.571728557026,133.37450594515,117.077462502491,96.7230954065029,70.9812079457445,54.5268824627672,39.6667588546532,0,0
173.808525864113,164.338673466019,149.985395807022,132.9914787239,116.660424789329,97.4741687224581,71.2867512806574,53.9814279173127,38.7917588546532,2,0
173.172162227749,163.429582556929,149.469845469784,132.514107273092,116.407480280462,97.3312063036386,72.1941393387139,53.3980945839794,42.2657287114848,2,0
172.272162227749,162.552659480006,149.210372278589,131.90272418365,115.839381257621,96.8750659527614,72.338609942698,54.8487269912999,41.6943001400563,2,0
171.572162227749,161.944971156129,148.444712208101,131.277501582947,115.435669087647,96.1583992860947,73.0404874138041,54.6179577605306,41.1943001400563,1,0
171.641850124596,160.944971156129,147.743788089759,130.855241959502,114.968223131757,96.2812575072467,73.1569399832646,54.4304577605306,40.6387445845007,1,0
171.952543081248,159.845613514722,147.303860206161,130.220759200881,114.296017446919,96.3051109971125,73.5895063011362,54.9521620562547,40.0831890289452,21.1699160481715,0
171.077543081248,159.53958709983,146.444485206161,129.773438565055,113.437684113586,96.2282545378912,73.5339483145305,54.4784778457284,39.3831890289452,21.1699160481715,0
169.077543081248,158.647279407522,146.245680348945,129.053118921956,112.77914752822,96.0246908933151,73.424254989579,54.3732146878337,41.2957749156978,21.1699160481715,0
168.202543081248,158.001725448071,145.659452150515,128.499398886647,112.218564288924,95.3155999842242,72.3948432248731,53.9732146878337,40.0230476429705,21.1699160481715,0
167.702543081248,157.576073977465,144.89765387978,128.360639450989,111.56567172694,95.1455341327047,71.8392876693176,53.8607230400768,39.2230476429705,21.1699160481715,0
170.394699449176,156.626073977465,144.192391209139,128.055487709902,111.172390065375,94.7356980671309,71.8569683241304,55.2204647508664,38.1230476429705,21.1699160481715,0
169.894699449176,155.594327945719,143.409962774978,127.431088610963,110.887823734625,93.8856980671309,71.8353317346528,55.7139720505114,37.3373333572562,17.1699160481715,0
168.394699449176,154.76278485195,142.486913571861,127.021965555197,110.478825570317,93.2627472474588,72.0248252287061,55.3981825768272,41.3708168190732,16.1699160481715,0
167.394699449176,153.929451518617,142.204189339345,126.880490144679,110.275899997104,93.0016996452333,72.2308413921142,55.0503564898707,40.3708168190732,15.5032493815048,0
169.579021864225,153.473087373932,141.318549544209,126.595324960516,109.979181374928,92.4938655515206,71.9952475491339,55.0630628385433,39.7708168190732,15.1699160481715,0
171.329189697325,152.578350531827,140.916560367057,125.927230270192,109.456202844596,92.711296581319,72.3770495626233,54.1500193602824,38.6041501524065,13.8365827148382,0
170.579189697325,151.981380178946,140.390490765355,125.381135630036,109.380807760974,92.3712379685921,72.175340859473,53.6300193602824,38.1041501524065,13.5032493815048,0
170.079189697325,151.088523036089,140.03000990772,124.983954779135,109.249575338784,91.9490128488843,72.1936717072633,53.6254154257621,37.7405137887701,12.1699160481715,0
169.079189697325,150.052808750375,139.456247270692,124.494210628392,108.67543376353,91.443130670212,72.3842940706322,53.9296474384146,37.3238471221035,10.1699160481715,0
167.829189697325,149.434529785972,138.67643075693,124.35476710233,108.314963242512,90.8850765876431,71.7391327803096,53.8438223789047,37.2469240451804,9.83658271483817,0
166.829189697325,148.346593227878,138.095167364967,123.483390530967,107.672685669324,90.0956029034326,71.102769143946,53.074591609674,38.4066938911041,9.1699160481715,0
164.829189697325,147.420667301952,137.338158019173,122.837224601101,107.008122922614,90.0658427415536,71.7116089738958,52.274591609674,39.7039323740009,17.839832096343,0
164.079189697325,146.816614043869,136.435489980352,122.020970134158,106.434401119716,89.5919572994089,73.0811363445522,51.5960201811025,39.0116246816932,17.839832096343,0
163.579189697325,146.145793004096,135.69930811205,121.206949888737,106.28566277516,89.1568435593545,71.9087225514487,51.4975558903235,40.4514846136948,16.1731654296763,0
162.579189697325,145.560604425039,134.990410536013,120.551348747951,106.11562803262,89.1504668760103,71.4087225514487,52.1878601062452,39.9514846136948,15.9231654296763,0
160.829189697325,145.022911794007,134.234073885315,120.162095510048,105.54874013635,88.9448303402805,70.9844801272063,52.2692396081232,41.153372559296,15.9231654296763,0
160.329189697325,143.989385959206,133.32753182924,119.513243176166,104.986349546248,88.5417379028796,70.9829480201448,53.035039660236,40.653372559296,15.4231654296763,0
158.829189697325,144.614217977718,132.615561829625,118.932261787305,104.405561368865,88.4888126060381,70.9530791519872,52.9387518011878,40.153372559296,15.2231654296763,0
158.329189697325,143.575049682246,132.180949796576,118.284698755,104.129909144106,88.3504911084521,70.3141902630984,52.5039691924921,39.653372559296,15.0231654296763,0
157.579189697325,143.011194495199,131.506370642626,117.782803263797,103.701433701263,88.5543531863558,69.5193184682266,51.8083170185791,38.9165304540328,15.0231654296763,0
156.379189697325,142.453092020665,131.102883578413,117.435392018509,102.899963113027,87.9785005270396,69.6225659316458,52.0576166632619,38.0744251908749,18.0289567870954,0
155.629189697325,141.433225388808,130.168290767499,116.842685589928,102.275897019128,87.4003583573039,70.0735897664294,52.2786249881483,36.9744251908749,17.5289567870954,0
153.879189697325,140.494793518921,129.339908964974,116.400908103845,101.91674751003,87.0574055739328,69.4325641254038,52.2961988923775,35.8744251908749,16.2789567870954,0
153.379189697325,139.825314725745,128.587593693722,115.837642988926,101.32334522885,86.8392509068705,69.1745149228961,51.7545322257109,35.0744251908749,13.7789567870954,0
152.379189697325,139.200408041367,127.822328625847,115.236221024183,100.926515785343,86.4109179438797,69.6775549831451,51.8652337480406,35.2083972121265,13.5289567870954,0
151.629189697325,139.909766409345,127.369872854286,114.699292629322,100.294245703008,86.2370164252345,69.1061264117166,51.3852337480406,35.9915256555492,13.3289567870954,0
149.879189697325,139.057914557493,126.949236668266,113.977049876823,99.7018794441893,85.6866019144735,68.7197627753529,50.9621568249637,35.2020519713386,12.6622901204288,0
148.379189697325,138.023431798873,126.273951593344,113.564060564217,99.3226010062735,85.5628875048895,68.1970355026257,51.2421655627658,34.6020519713386,14.7947481445145,0
147.629189697325,137.441590326371,125.15131008391,112.929331170976,98.8094228991146,85.1923560787646,68.1252074021371,50.2856438236353,33.9520519713386,13.5947481445145,0
146.879189697325,136.30120971548,124.091486209548,112.372993017529,98.5537494111346,84.6188112584645,68.3701209839746,51.1146518107916,33.2520519713386,13.1947481445145,0
145.879189697325,135.865171028891,123.969712641127,111.813712391504,98.0483918310785,84.2609499785335,67.970054375599,50.5729851441249,33.0105030061235,21.3245802408575,0
145.379189697325,135.602717160072,123.639156142909,111.235707722913,97.6159100285312,83.5921907992034,67.4367210422657,50.7459606201211,32.2485982442187,21.0745802408575,0
143.879189697325,135.019383826739,123.213752354086,110.585410718604,96.8547159986804,82.7531103394333,67.2660491673848,50.2876272867878,32.3724258966849,20.8245802408575,0
143.129189697325,133.973929281285,122.584097948374,110.363027813946,96.5228896587879,81.8879418001075,67.2413879550902,50.3758037206408,33.1713928743165,20.6817230980004,0
142.379189697325,134.05845249637,121.62869713043,109.525572381345,95.9071449172761,81.393532081588,67.1419694149641,49.6158037206408,32.5924455058954,19.8067230980004,0
140.129189697325,133.10845249637,121.045455366673,108.666197381345,95.4058987984912,80.9628048896683,66.2975249705196,49.5516593522337,33.2194129308167,21.6362549691433,0
138.379189697325,131.70845249637,120.375417354691,108.033237051494,94.9415791514953,80.5264168349806,65.5366554053022,49.0901208906953,33.8860576760259,21.3862549691433,0
134.629189697325,130.55845249637,119.279480861489,107.201574729239,94.3176766223297,79.9952435472601,64.8631860175471,49.005783419282,33.1985576760259,23.0958388546036,0
133.879189697325,130.047417510646,118.268117225126,106.692685394052,94.0778899188205,80.120957782871,64.9072444591415,47.805783419282,33.2895672799004,21.6513944101592,0
134.873113759551,128.897417510646,117.681475802146,105.700377701745,93.4977559681864,79.5766636853515,64.2846029497075,47.7589320648573,32.9770672799004,21.0150307737956,0
133.539780426217,127.70694132017,116.569364486626,105.098826305813,92.9004210601463,78.6298551747132,63.8227078558033,47.3031478327262,32.1535378681357,20.2372529960178,0
131.873113759551,127.22941633327,115.779916071261,104.3314737243,92.5058697836957,78.364202971412,63.3811609331702,46.7831478327262,31.9721428606132,19.2372529960178,0
131.539780426217,126.750372505792,114.852205227887,103.817215722193,91.7822205761389,77.8721206522135,62.5565995296614,45.8600709096493,30.5015546253191,18.8372529960178,0
131.490301536173,126.638738206306,113.699264051417,103.057375818753,91.1307584942656,77.2446027360695,62.5064660150465,45.3600709096493,30.6796686249037,17.4736166323814,0
129.490301536173,125.403444088659,113.198743838985,102.547336736971,90.2942981488151,76.7070637482771,62.3527826317948,44.498001944132,30.7239467799342,17.9712181444161,0
128.490301536173,124.168149971012,112.775857927632,101.829347977412,89.6429021065729,75.9378329790463,62.0683192163811,44.2488314325526,29.7239467799342,17.3045514777494,0
127.990301536173,124.449555991256,111.916901809058,101.204624611275,89.0684670454599,75.4002482511038,61.3090599571218,44.398396420574,28.9114467799342,16.1378848110828,0
127.490301536173,123.934415321596,110.691806705831,100.645801041369,88.3026645828631,75.2176019586217,60.7620671362788,43.8466722826429,28.8203230848088,16.551673292191,0
126.990301536173,122.648701035881,110.001842281841,100.378639655657,87.2246503984659,74.7620468989954,60.2231324697503,43.9424084618786,28.0703230848088,15.2789460194638,0
126.490301536173,121.791558178738,108.872954399526,99.539545573145,86.6396619319351,74.1091006364375,59.7507806296604,43.6195391949621,27.3056172024559,16.3068406214101,0
124.490301536173,120.22012960731,108.149220672459,98.6679859401175,86.332639084072,73.6748769473145,58.6841139629937,44.1957261922425,27.5529212330372,15.6068406214101,0
123.990301536173,119.659802177103,107.064713630205,98.0965110845514,86.3478070404023,73.3256566328594,58.4478478484247,44.035831285495,27.5128886744239,15.2735072880768,0
121.990301536173,118.275186792488,106.205157101149,98.0274036608872,85.994907592186,73.064352473311,57.6605772028188,44.6840865847821,26.4602570954765,14.1825981971677,0
121.490301536173,117.408520125821,105.369513859256,96.9226417561253,85.1211308211178,72.5761019996053,57.9668698425202,44.3927607672232,25.8412094764289,15.1008580168845,0
120.990301536173,115.793135510436,104.879986545089,96.2396525549265,84.2550910172645,72.7685839490209,57.0899467655971,43.3927607672232,25.2578761430956,13.9341913502178,0
120.490301536173,114.562366279667,103.785989485248,95.1059012804803,83.8185414695553,72.5774558407206,56.4879147648277,43.8342188202231,25.0501609457254,13.8276104852396,0
119.990301536173,113.276651993953,103.328846212524,94.6145654852107,83.4557217318208,71.779290703106,56.2021416549337,43.7778055673014,25.6522109875877,12.9276104852396,0
118.990301536173,112.638508550907,102.572516753549,94.17063699719,82.9809922216652,70.9885807999283,55.9202196653574,45.3530140818565,25.2675956029724,11.9276104852396,0
118.323634869506,112.649418169818,102.518502742882,93.091051255945,82.2693026713094,71.2953324373205,55.5967693551947,44.4175302108887,25.734794412391,11.4276104852396,0
117.323634869506,111.566084836485,101.982006027858,92.2812824216089,81.2264479014844,70.8358641335492,55.5253120188576,44.6114635311812,26.1054970666474,10.6010112341853,0
118.535730357073,110.11153938194,101.169472078948,91.899170611882,80.6105165202998,70.1174775360475,55.295163053745,43.925749245467,26.6423317846167,10.7582985533546,0
117.535730357073,109.613598885774,100.086825335927,91.3265264812378,80.2765727892848,69.1792973589584,54.8845582554711,43.6799181260156,26.2673317846167,10.5981770214514,0
116.535730357073,109.28320883215,99.2478894756389,90.6239463321189,79.6410302092111,68.7728209966599,54.3187309561904,43.058296504394,26.5706729616105,10.2904847137591,0
115.535730357073,108.998773416736,97.843127570877,89.9552111617598,78.9235904207378,67.9920562484487,53.9299440194759,43.0094541462697,26.8654637549953,9.79048471375906,0
114.535730357073,107.298773416736,96.631199410715,88.9560384578431,78.5956801191217,67.0829653393578,53.8246333045356,42.342787479603,26.2762066800374,9.41837647902756,0
113.535730357073,105.398773416736,95.6633502341187,88.3130156511639,78.174051608124,67.0462740982396,53.3833339561302,42.7194525199858,26.5283652610379,8.98087647902756,0
113.535730357073,104.391342340204,94.4582220289905,87.319429280071,77.7357890495274,66.9375597889772,53.0248101598602,41.9694525199858,27.6569558820943,10.0495731188886,0
112.535730357073,102.946897895759,93.6975247927831,86.552515371243,77.5047891507966,66.4602875811249,52.1364079725829,41.2085829547684,27.6063202082213,10.7709407073013,0
108.535730357073,101.196897895759,92.646242741501,85.5237275251555,76.8479684451789,65.7167947901142,51.9348157339126,40.8455343371235,26.5587011606022,10.8974364721085,0
108.535730357073,98.6413423402038,91.3719910848751,84.7935540366615,76.1244607826562,65.1488137427066,51.892188307159,40.4168545619708,25.9934837692979,10.6974364721085,0
104.535730357073,98.5074203562388,90.5787962279592,83.7529010809031,75.379019311238,64.4691112748744,51.256218214268,39.7697957384414,24.9934837692979,11.4803425507933,0
100.535730357073,97.6324203562388,89.1811677260418,82.8934222969854,74.5127373673001,63.9896540035728,50.8117439565252,39.2570231733238,24.9211965594406,11.7283768058726,0
99.535730357073,97.3299225559203,88.7499049584678,81.8812698666337,73.8734432958767,63.0845002242369,50.2287226412253,38.5533194696201,24.3827350209791,11.5465586240544,0
98.535730357073,95.4727796987775,88.1935978219117,80.9954261917069,73.2122996902421,62.6271796620968,50.6471075100455,38.1609607132414,24.5254098268277,12.1012144864599,0
97.535730357073,94.0442082702061,86.9123478219117,80.3971622654597,72.462874808843,62.0536552520896,49.8327419025544,38.1676248943532,25.3093319512866,11.0103053955508,0
97.535730357073,92.7698053474958,85.4162228837572,79.7883458428533,71.8407611157233,61.6691807050933,49.3424138363974,38.4555364826763,24.8278504698051,12.6786896281426,0
93.535730357073,91.5698053474958,84.5587720380162,78.8546499474702,70.9345501289545,60.8183932619597,49.2715483124579,38.3948995523075,24.2945171364718,13.0465585909569,0
92.535730357073,88.9698053474958,83.652097193249,77.8523425362641,70.0161687318973,60.2414804597462,48.8719784381826,38.3639135808446,23.8399716819263,12.1465585909569,0
91.535730357073,88.1698053474958,82.4173929183952,76.3689989110857,69.2860257923295,59.6716480819958,47.9463216628801,38.0732069117807,23.9416158518103,13.162842878841,0
87.535730357073,85.9698053474958,81.1574479818817,75.6560713947182,68.2416167984503,58.8173384434465,47.3573812142279,37.4550868107217,24.2349300446124,12.6173883333864,0
83.535730357073,84.4698053474958,80.7498653085957,74.445361348312,67.4057746431522,58.0036186997771,46.908608019336,36.6921509480829,24.7571102943255,12.3316740476721,0
82.035730357073,83.2698053474958,79.5165834212689,73.4155030551302,66.8286270513421,57.4493102180605,46.5454969562502,36.4705326805961,23.6055951428104,11.9982431092999,0
80.035730357073,82.3598515490635,78.9096205412252,72.4419152620564,65.9514575023229,56.9814972621135,45.8835381629917,35.9770785120561,23.558145298616,11.8647926499199,0
79.035730357073,85.9053206521398,77.8143824459871,72.2745109431236,64.8173672369272,56.1036574920415,45.5893082911845,35.9152505350409,23.2163261442984,11.8563421905399,0
75.035730357073,85.2386539854732,76.5067479145058,71.2747076070946,63.7686110239917,55.3192576492702,45.1536378384622,35.4437997324486,23.0310035061305,11.9594723122366,0
75.035730357073,84.2386539854732,75.2096753071762,69.8568260227067,62.9297210859809,54.6366967418007,44.7751897013016,35.0303598958713,22.2074740943658,12.1238874406941,0
75.035730357073,83.2386539854732,74.8518969147076,68.6496863716101,62.1137636928907,53.9121671961537,44.209377429681,34.3546842201957,22.1260561032624,11.9198815165201,0
74.035730357073,79.2386539854732,73.6166027970606,67.4647298990435,61.2908587848911,53.7364428344825,44.0614390255441,33.9101027684262,22.3041979356675,12.0113044458782,0
74.035730357073,76.035730357073,72.4415776138733,65.8417790793714,59.9543203233526,53.1717090454119,43.7839840455614,33.8452277092694,22.444303620283,11.2726655087425,0
73.035730357073,76.035730357073,71.3393273431896,64.873081403445,58.8928333725908,52.5963567287414,43.1346902930945,33.3622603365126,23.4137344857751,10.9235721290922,0
69.035730357073,75.035730357073,69.2678987717611,64.0386668216846,58.0516418028091,51.6119498263557,43.3111638567061,33.2890730478809,22.8606955718523,11.6640186452287,0
68.035730357073,73.035730357073,67.4553987717611,62.651594115733,56.9173801755438,50.5100220226624,42.7570138432175,32.7542394029974,22.700912300667,11.8166860887799,0
67.035730357073,73.035730357073,65.9915699919237,61.9702858407037,56.1284152110194,49.4294911378653,41.7374443918923,32.3617088518833,22.1585851497229,11.5474553195492,0
65.035730357073,67.035730357073,65.4590057342145,60.3823410844344,55.0157446290952,48.6963169719517,40.781677649703,32.0660839936041,21.5807687300481,11.160324035088,0
63.035730357073,63.035730357073,64.0641763390319,59.4072996860408,54.0079620603379,47.849407243236,40.4996782441001,31.3750030577418,21.064459903264,11.9395629192986,0
62.035730357073,62.035730357073,63.0381588852578,58.2983334229983,52.9135237360177,46.670076568373,39.8828215075699,31.2994555271002,20.9356488370009,11.3728962526319,0
0,61.035730357073,61.9270477741467,56.716250049705,51.686251008745,45.8935313765482,39.5947996375694,30.0727888604335,21.3752574287711,10.7395629192986,0
0,60.535730357073,61.5406067920275,55.0185756311003,50.7553449983538,44.7537482703589,38.778291671018,29.7046421992797,20.6306710119081,10.1284518081875,0
0,59.535730357073,59.7906067920275,53.3712989240145,49.3155983922452,43.8554234238443,37.9338796174045,29.8878642176589,19.9306440338669,9.63201991397047,0
0,58.535730357073,58.3582595119744,52.1140795925586,48.3870758874031,42.8456934434326,37.2440756447114,29.2375414011478,19.2951813919101,9.42293990932023,0
0,58.035730357073,56.6439737976887,51.0860418351986,46.8664194087992,41.7692207415762,36.6574990126568,28.8994015679658,18.4823136903548,9.25437578367201,0
0,57.035730357073,55.2381273808127,49.4848987158203,45.52490789406,40.934382431475,36.0322555946812,28.6633410440715,18.3594511007154,8.48294721224344,0
0,57,52.0714607141461,48.3489213158196,44.0387235658252,39.8599984383603,34.9381014599624,28.8154933616131,18.0641688618871,8.79528403649983,0
0,56,50.8467055100046,46.4199919389947,42.7473266566067,38.5653202498449,34.3163095282767,28.1111460418382,18.1140326098454,8.00596738883767,0
0,56,48.9758736573531,44.2008647732622,41.6112635963193,37.6964617417789,32.8638055160035,27.5667107556009,17.5701732931819,7.64910869306803,0
0,52,48.1758736573531,42.5250898534073,40.4467876093432,36.6481370191956,32.1845414398708,26.6133974498799,17.9093331086964,8.23451773162961,0
0,51,46.7758736573531,41.154719483037,39.3535331596016,35.5926259982959,31.5598437575351,25.6978638177641,17.6925095505704,8.60748059105456,0
0,50,44.6249617483889,39.3795212932099,37.6756707942068,34.2798654145709,30.6009646774961,25.0623894324269,17.5197850962579,8.59247854800767,0
0,50,43.8744183265551,37.8765920138904,36.663208005385,32.862943392562,29.5179994283373,24.4276724956883,17.6178604202447,8.40172640280844,0
0,48,42.8744183265551,35.643683289544,35.0005839495098,31.8853695419514,28.2953813878282,23.6508077386861,17.1591838249823,8.48560792865109,0
0,44,42.9672030214318,33.596064241925,33.2881566524508,30.6826570985338,27.4337545449165,22.87153034568,16.5134010169992,8.17202852329992,0
0,43,39.9672030214318,32.5459844121535,31.579903163811,29.2868791373538,26.5111176823656,21.8836314025153,16.2706528022134,7.57202852329992,0
0,39,37.9672030214318,31.1587982639143,29.837066672187,27.9502372198797,25.565622694893,20.7169017855379,15.8849533590402,7.73046578619557,0
0,38,41,29.9344060428636,27.9734660217757,26.4270829324698,24.2253366759207,20.0358240382374,15.3229486953685,7.84499333336947,0
0,37,39,28.0061287186328,25.86062463671,24.81654197785,22.8326315475559,19.2838462954966,14.8056014656448,7.63458489799679,0
0,35,38,26.3002463656916,23.9939534683965,23.0940682603911,21.4741610389346,18.5635129053214,14.0512171648122,7.5716456178511,0
0,34,34,24.9002463656916,21.9067524333897,21.3601030168355,20.1768486574703,17.4812986709089,13.3971194240069,7.65202536971059,0
0,30,30,22.9002463656916,20.0772553584785,19.4046237294824,18.6814481547295,16.5820990139303,12.8711609926389,7.38582284132553,0
0,24,29,21.0335796990249,18.709997163839,17.841651853534,17.0066315585794,15.3716328414882,11.9745804805085,7.73375533901883,0
0,21,28,19.4582264233696,17.0885255582001,16.3639774174078,15.5121635830657,13.8204797018392,11.0593911920826,7.22267732639286,0
0,20,27,18.1816155911215,15.7561968329817,14.4108082022693,14.3199764014147,12.802563231294,10.2474048484723,6.63218448624405,0
0,16,25,16.0962371559112,14.1207783784356,12.7264420797378,12.4338213461659,11.4996044815274,8.99647912125121,6.47344495033826,0
0,15,19,13.1706054444042,12.3525542709806,11.1120539763784,10.8084435422761,10.0316327379805,7.77229366054319,6.2039143426088,0
0,11,13,11.0706054444042,10.1331347546413,9.42442749973032,9.03598422191045,8.33800187767518,6.81380114985456,5.8204221822161,0
0,9,12,8.47060544440424,7.99784545268129,7.51536730364254,7.46955955865192,6.76008167764154,5.80374887793517,4.96045465777119,0
0,8,11,6.4,6.10605444404235,5.706800495876,5.52798273831299,5.36147331232384,4.33804257012583,3.8338499898915,0
0,7,5,5,3.92399425287356,3.68864705578245,3.95187193713886,3.79992454829311,3.08697415926332,2.78489116517285,0
0,1,1,2.44444444444444,1.73333333333333,1.75862068965517,2.07246376811594,2.10526315789474,1.4578313253012,1.45454545454545,0
0,0,0,0,0,0,0,0,0,0,0
